"patient_id","site","age","bmi","egfr","hgb","albumin","dialysis_yrs","donor_age","cold_ischemia","followup_days","died"
1,1,41.1,31.6,94.3,10.9,3.5,5.4,27.9,14.6,2686,0
2,2,70,21.7,42.7,9.9,4.9,2.6,48.3,14.4,144,1
3,3,35.7,29.8,68.5,10.3,4.1,3.8,33.9,18.2,463,0
4,1,52.9,31.5,72.5,13.8,4.4,3.9,55,21.9,3068,1
5,2,74.2,31.9,32.2,14.5,3.6,3.6,59.3,29.7,19,1
6,3,44.2,28.9,50,11.5,4.4,4,42.3,19.2,2196,0
7,1,45.9,25.3,51.6,9.3,3.5,0.6,28.1,19,2838,0
8,2,43.7,24.3,48.1,11.7,3.8,5.7,34.4,16.9,320,1
9,3,48.3,26.1,68.3,12,4.1,1.1,60.4,16.5,515,0
10,1,53.8,26.7,34,11.3,3.8,5.1,60.2,6.5,72,0
11,2,68,17,67,11.7,3.9,3,16.5,6.8,195,0
12,3,41.6,32.7,61.6,10.3,4.4,0.9,43.4,26.3,3264,0
13,1,38,30.4,45.7,9.9,3,5.1,53.4,17.2,45,1
14,2,50,28,63.1,13,4.2,0.5,77.5,23.4,1290,0
15,3,38.1,26.7,51.6,10.8,3.6,8.8,41.3,17.5,162,1
16,1,50.2,31.5,79.1,10.2,4.5,5.4,43,22.1,381,0
17,2,44.2,25.9,69.7,13.7,3.6,6.3,44.3,23.7,131,0
18,3,23.6,17.2,56.5,11.5,4.4,0.1,34,17.7,64,0
19,1,55.1,23.2,43.3,14.5,4.1,5.5,14.6,1.6,1081,1
20,2,48.6,33.4,68.1,10.4,3.8,1.6,51,29.6,31,1
21,3,63.7,22.2,53,11.2,5,7.4,43.3,12.3,85,1
22,1,64.2,35.1,49.7,12.6,4.5,3.3,36.1,13.2,10,1
23,2,71.1,40,72.8,12.3,4.3,-3.6,17.7,7.1,409,0
24,3,61.2,27.7,41,11.6,4.3,3.4,41.7,14.2,607,1
25,1,62.6,20.2,60,11.6,4.7,3.3,48.1,17.9,263,0
26,2,48.2,31,62.4,10.3,4.6,7,49.6,14.4,117,0
27,3,70.4,19.2,66,13,4.3,4.1,65.8,7.8,113,1
28,1,71.5,29.3,71.9,13.1,3.6,4.8,57.7,18.4,813,0
29,2,43.5,27.3,48.4,11.8,3.5,5.3,26.3,19.2,282,0
30,3,40.9,26,68.3,11.9,3.8,5.5,30.1,28.8,433,0
31,1,56.1,32.9,76.9,13.4,3.7,4.2,49,17.2,503,1
32,2,66.4,31.4,66.3,11.8,4,3.3,50.3,8.3,1947,1
33,3,80.8,20.4,64.5,14.6,3.5,1.7,31.8,12.9,215,0
34,1,67.8,18.8,46.5,11.7,4.3,4.3,0.1,15.5,754,1
35,2,71.2,32.3,69.8,9,4.1,-1.3,25.7,19.8,959,0
36,3,64.4,28.5,47.3,10.2,2.5,3.2,32.1,20.9,80,1
37,1,38.9,25,52.4,13.5,3.6,2.1,27.5,10.6,94,1
38,2,26,33.2,80.5,10.9,4.2,1.7,48.2,13.6,334,0
39,3,29.1,20.2,63.8,11.2,3.1,5.9,28.3,20.9,11,1
40,1,50.1,19.8,65.9,12.4,3.7,4.9,35.3,8.2,515,0
41,2,72.2,33.7,58.8,10.1,3.7,1.9,30,21.2,225,0
42,3,41.6,17.1,54.4,13.5,4.1,2.9,26.7,20.1,1343,1
43,1,51,20.8,91.5,12.7,3.2,2.3,57.2,10.9,707,1
44,2,76.6,26.5,48.3,9.8,3.4,2,32.2,19.9,109,1
45,3,46.1,30.7,26.6,11.6,4.1,8,42.6,24.4,161,1
46,1,59.3,29.3,52.8,14.1,3.5,4,44.8,22,175,0
47,2,40.5,28.4,22.7,13.5,3.7,1.3,48.8,-2.3,2436,0
48,3,46,21.6,46.4,10.9,4.9,7.2,46.6,14.5,66,1
49,1,42.6,30.2,39.1,9.3,3.6,3.6,46.3,27.1,10,1
50,2,51.1,28.5,-8,12.1,2.9,-1.7,52,5.9,329,1
51,3,71,23,48.1,10.9,4.4,3.8,37,12.2,661,0
52,1,54.4,26.9,72.6,13.7,3.5,4.5,64.4,17.5,440,0
53,2,65.3,37.9,45,12,3.4,7.1,44.6,15.8,467,0
54,3,44.3,31.8,43.7,12.6,4.2,4,44.9,14.9,260,1
55,1,50.5,25.5,45.5,10,3.9,0.8,37.8,14.6,1115,1
56,2,40,24.9,89.2,9.7,5,3,53.6,32.3,1781,0
57,3,61.8,27.5,80.1,12.5,3.7,8.3,37,-0.8,1079,1
58,1,50.5,25.9,41.6,11.1,4,6.6,41.8,25.9,1482,1
59,2,51.2,19.9,49.5,9.3,3.9,2.7,39.9,31.7,37,1
60,3,55,25,76.1,10.3,3,6.1,41.2,12.4,126,1
61,1,37.2,31.7,60.5,9.7,3.9,6.1,61.9,18.5,147,1
62,2,63.1,30.8,52.9,11.1,4.8,0.7,56.8,19.3,206,0
63,3,44.5,24.4,53.9,11.3,4.1,6.6,67,3.3,22,0
64,1,58.5,31,81.5,10.2,3.3,1.2,10.2,15.3,248,0
65,2,42.1,23.9,28.4,12.3,4,5.7,44.1,14.4,220,1
66,3,47.6,33.2,42.7,10.1,3.8,4.9,39.3,17.3,181,1
67,1,24.7,25.3,63.3,9.4,4.2,5.6,46.5,30.2,261,1
68,2,48.1,33,51.7,11.6,3.2,2.9,59.1,25.6,433,1
69,3,35.5,24.8,34.1,12.2,4.2,1.8,43.9,25.9,1131,1
70,1,48.4,27.9,62.4,12,4.2,6.2,34.7,29.3,230,0
71,2,49.3,13.9,50.4,6.9,3.4,2.7,26.9,13.4,603,1
72,3,49.1,38.2,50.2,7.8,3.1,2.1,68.8,19.4,363,1
73,1,56.5,27.5,58,8.7,4,12.5,29,23.1,135,1
74,2,52.4,35.1,47.9,12.8,4,2.9,27.4,10.4,658,1
75,3,57.4,24.4,21.8,9.8,4.8,8.3,24,15.9,209,1
76,1,50,23.7,27.2,10.1,4.1,2.2,36.5,14.6,223,0
77,2,64.7,26.8,44.4,10.9,4.6,5.3,42.2,8.7,37,1
78,3,53.6,26.4,39.7,9.5,4.8,3.8,61.8,19.4,226,1
79,1,54.5,26.9,69,11.7,4.4,0.1,49.3,20.3,1497,0
80,2,44.7,24.6,54.5,13.4,4.2,4.7,24,11.4,2885,0
81,3,58.5,19.8,28.8,8.1,3.7,8.7,28.9,18.6,15,1
82,1,29.4,27.7,56.7,11.9,3.1,6.1,43.7,17.8,601,1
83,2,64.7,20.8,72.7,13,3.9,4.8,64.7,10.2,24,1
84,3,51.7,18.2,44.3,10.5,4.3,4.1,47.6,12.2,186,1
85,1,60.8,26.8,56.3,11.5,4.3,1.5,61.5,21.5,1495,0
86,2,42.8,28.7,94.6,12.3,4.1,5,80.4,9.5,1193,0
87,3,83,34.9,69.3,14.4,4.6,2.1,27,18.8,1917,0
88,1,45.8,21.7,45.3,8.4,3.8,6.3,54,14.7,134,0
89,2,51,31.6,26.2,11.8,4.8,4.8,26.5,23.9,242,1
90,3,45.2,24,41.8,11.9,3.9,8.9,62.5,17.7,53,0
